AC_TYPEID,AC_GROUP,SSD_NAME,LONG_NAME,SHORT_NAME,,
007,0,AERO COMMANDER 200,AERO COMMANDER 200,COMMANDR,,
008,0,AERO MACCHI AL-60,AERO MACCHI AL-60,AL-60,,
009,0,AERONCA 7-AC,AERONCA 7-AC,AERONCA7,,
010,0,BEECH 35/36,BEECH BONANZA 35A/C/D/E/G/H/J/K/S/V/  36A,BONANZA,,
020,0,BELLANCA CH-300,BELLANCA CH-300,CH-300,,
024,0,BEECH B-23,BEECH B-23 MUSKETEER,MUSKTEER,,
026,0,GIPPS AERO GA8 AIR,GIPPS AERO GA8 AIRVAN,AIRVAN,,
029,0,CESSNA 150/152,CESSNA 150/152,CE-150/2,,
030,0,CESSNA 180,CESSNA 180,CE-180,,
031,0,CESSNA 180A/B,CESSNA 180A/B,CE-180,,
032,0,CESSNA 180C/D/E/F,CESSNA 180C/D/E/F,CE-180C,,
033,0,CESSNA 185A/B/C,CESSNA 185A/B/C SKYWAGON,SKYWAGON,,
034,0,HELIO H250/295/395,HELIO H-250/295/395,COURIER,,
035,0,CESSNA 206/207/209,CESSNA C206/207/209/210 STATIONAIR,CE-206/7,,
036,0,CESSNA 172 SKYHAWK,CESSNA 172 SKYHAWK,SKYHAWK,,
037,0,CESSNA 195,CESSNA 195,CE-195,,
038,0,CESSNA CARDINAL,CESSNA 177 CARDINAL,CARDINAL,,
039,0,CESSNA 182 SKYLANE,CESSNA 182 SKYLANE,SKYLANE,,
040,0,DEHAVILLAND DHC2,DEHAVILLAND DHC2 BEAVER,BEAVER,,
041,0,CESSNA 205,CESSNA 205,CE-205,,
042,0,DEHAVILLAND DHC3,DEHAVILLAND DHC3 OTTER,OTTER,,
044,0,LAKE LA-4,LAKE LA-4,LA-4,,
050,0,HOWARD DGA-15P,HOWARD DGA-15P,DGA-15P,,
051,0,MOONEY M-21,MOONEY M-21,M-21,,
052,0,MOONEY M-20C/E/G,MOONEY M-20C/E/G,M-20C/E,,
065,0,NOORDUYN UC-64AS,NOORDUYN UC-64AS,UC-64AS,,
070,0,PILATUS PORTER PC6,PILATUS PORTER PC6,PC6,,
071,0,PILATUS PC6/350,PILATUS PORTER PC6/350,PC6/350,,
079,0,PIPER PA-32,PIPER PA-32 (CHEROKEE 6),PA-32,,
080,0,PIPER PA-18,PIPER PA-18 (SUPER-CUB),SUPERCUB,,
081,0,PIPER PA-14,PIPER PA-14 (FAMILY-CRUISER),FAMCRUIS,,
082,0,PIPER PA-22,PIPER PA-22 (TRI-PACER),TRIPACER,,
083,0,PIPER PA-24,PIPER PA-24 (COMANCHE),COMANCHE,,
084,0,PIPER PA-28,PIPER PA-28 (CHEROKEE),PA-28,,
085,0,STINSON SR-9,STINSON SR-9,SR-9,,
086,0,PIPER PA-12,PIPER PA-12 (SUPERCRUISER),PA-12,,
087,0,STINSON V-77,STINSON V-77,V-77,,
088,0,STINSON SR-10E,STINSON SR-10E BUSHMAN,BUSHMAN,,
091,0,FLT/AMPHIB TURBINE,FLOAT/AMPHIB TURBINE,FLT/AMPH,,
092,0,PISTON-LT 450 HP,FLOAT/AMPHIB PISTON-LT 450 HP,FLT/AMPH,,
093,0,PISTON-450+ HP,FLOAT/AMPHIB PISTON-450+ HP,FLT/AMPH,,
094,0,LAND-TURBINE,LAND-TURBINE,LAND,,
095,0,PISTON-LT 450 HP,LAND-PISTON-LT 450 HP,LAND,,
096,0,PISTON-450+ HP,LAND-PISTON-450+ HP,LAND,,
097,0,STIN.FW 300-450 HP,STINSON F.W. 300-450 HP,STNSN FW,,
098,0,STIN.FW LT 300 HP,STINSON 0-299 HP,STNSN FW,,
102,1,P2012 TRAVELER,P2012 TRAVELER,P2012,,
103,1,AERO COMANDR 500/6,AERO COMMANDER (500/600 SERIES EXCPT 680FL),COMMANDR,,
104,1,AERO COMANDR 680FL,GRAND COMMANDER 680FL,COMMANDR,,
105,1,BEECH C-50,BEECH C-50 (TWIN BONANZA),TWBONANZ,,
110,1,BEECH 18,BEECH 18 C-185,BE-18C,,
111,1,BEECH KINGAIR 90,BEECH KING AIR 90,KING AIR,,
113,1,BEECH B-95,BEECH B-95 (TRAVELAIR),TRAVLAIR,,
115,1,BEECH AT-11,BEECH AT-11,AT-11,,
117,1,BEECH BARON B-55,BEECH BARON (55 SERIES),BARON,,
120,1,CESSNA T-50,CESSNA T-50 (BOBCAT),BOBCAT,,
121,1,CESSNA C-421,CESSNA C-421,CE-C421,,
122,1,CESSNA C-310,CESSNA C-310 SERIES,CE-C310,,
123,1,CESSNA C-340/335,CESSNA C-340/335,CE-340,,
125,1,CESSNA C-402/402A,CESSNA C-402/402A/402B,CE-402,,
128,1,CESSNA 404,CESSNA 404,CE-404,,
130,1,C-28 5ACF PBY,C-28 5ACF PBY,PBY,,
131,1,BRITT-NORMAN BN2/A,PILATUS BRITTEN-NORMAN BN2/A ISLANDER,ISLANDER,,
132,1,C-28 5ACF-PBY EMQ,C-28 5ACF-PBY-EMQ,PBY-EMQ,,
133,1,BEECH QUEEN AIR,BEECH 65/65A-80/65B-80 (QUEEN AIR),QUEENAIR,,
140,1,CONVAIR CV-240,CONVAIR CV-240,CV-240,,
143,1,CONVAIR CV-340/440,CONVAIR CV-340/440,CV-340/4,,
148,1,CESSNA C-337,CESSNA C-337 (SUPER SKY MASTER),SKYMASTR,,
149,1,CESSNA C-401,CESSNA C-401,CE-C401,,
150,1,CURTISS C46 SERIES,CURTISS C46/20T/A/D/F/R COMMANDO,COMMANDO,,
152,1,CESSNA C-411,CESSNA C-411,CE-411,,
153,1,DHC4 CARIBOU,DEHAVILLAND DHC4 CARIBOU,CARIBOU,,
158,1,DOUGLAS DC-2,MCDONNELL DOUGLAS DC-2,DC-2,,
159,1,HAMILTON B-18S,HAMILTON B-18S LITTLE LINER (CONVERTED),B-18S,,
160,1,DOUGLAS DC-3,"MCDONNELL DOUGLAS DC-3/A/C,C-47/B",DC-3,,
161,1,DORNIER DO-28,DORNIER DO-28 SKYSERVANT,DO-28,,
166,1,CESSNA C-336,CESSNA C-336,CE-336,,
167,1,FAIRCHILD C-82A,FAIRCHILD C-82A,C-82A,,
170,1,GRUMMAN G-21A,GRUMMAN G-21A (GOOSE),GOOSE,,
171,1,GRUMMAN SA-16A-GR,GRUMMAN SA-16A-GR (ALBATROSS),ALBATRSS,,
172,1,GRUMMAN G-44/44A,GRUMMAN G-44/44A (WIDGEON),WIDGEON,,
173,1,GRUMMAN G-73,GRUMMAN G-73 (MALLARD),MALLARD,,
174,1,DOVE DH-104,DEHAVILLAND DOVE DH-104,DOVE,,
175,1,LOCKHEED L-12A,LOCKHEED L-12A/L-10/10A,L-12A,,
180,1,MARTIN 202/202A,MARTIN 202/202A,M-202,,
185,1,MARTIN 404,MARTIN 404,M-404,,
190,1,PIPER PA-23,PIPER PA-23-250 (AZTEC/APACHE),AZTEC,,
193,1,PIPER T-1020,PIPER T-1020,PA-T1020,,
194,1,PIPER PA-31/T-1020,PIPER PA-31 (NAVAJO)/T-1020,NAVAJO,,
195,1,PIPER PA-34/39,PIPER PA-34/39 (TWIN COMMANCHE),TWNCOMAN,,
200,2,BOEING 377,BOEING 377 STRATOCRUISER,B-377,,
201,2,BN2A TRISLANDER,PILATUS BRITTEN-NORMAN BN2A TRISLANDER,TRISLNDR,,
205,2,DH-114 HERON,DEHAVILLAND DH-114 HERON,HERON,,
210,2,DOUGLAS DC-4,MCDONNELL DOUGLAS DC-4(C54/C54A/C54B/C54E),DC-4,,
216,2,DOUGLAS DC-6,MCDONNELL DOUGLAS DC-6,DC-6,,
218,2,DOUGLAS DC-6A,MCDONNELL DOUGLAS DC-6A,DC-6A,,
220,2,DOUGLAS DC-6B,MCDONNELL DOUGLAS DC-6B,DC-6B,,
225,2,DOUGLAS DC-7A/B,MCDONNELL DOUGLAS DC-7A/B,DC-7A/B,,
228,2,DOUGLAS DC-7C,MCDONNELL DOUGLAS DC-7C,DC-7C,,
240,2,LOCKHEED L-049,LOCKHEED L-049,L-049,,
242,2,LOCKHEED L-649,LOCKHEED L-649,L-649,,
244,2,LOCKHEED L-749/A,LOCKHEED L-749/749A,L-749/A,,
247,2,LOCKHEED L-1049,LOCKHEED L-1049,L-1049,,
248,2,LOCKHEED 1049C/D/E,LOCKHEED L-1049C/D/E,L-1049C,,
252,2,LOCKHEED L-1049G/H,LOCKHEED L-1049G/H,L-1049G,,
258,2,LOCKHEED L-1649A,LOCKHEED L-1649A,L-1649A,,
280,2,SIKORSKY VS-44A,SIKORSKY VS-44A (AMPHIBIAN),VS-44A,,
303,3,SUD ALOUETTE,SUD ALOUETTE,ALOUETTE,,
311,3,BELL B-47D,BELL B-47D,B-47D,,
312,3,BELL B-47G,BELL B-47G,B-47G,,
313,3,BELL B-47G2,BELL B-47G2,B-47G2,,
314,3,BELL B-47J2,BELL B-47J2,B-47J2,,
315,3,BELL B-206A,BELL B-206A,B-206A,,
317,3,HU-1H ,HU-1H 204B,HUEY,,
318,6,AIRBUS A318,AIRBUS INDUSTRIE A318,A318,,
320,3,BOEING BV-107,BOEING VERTOL BV-107,BV-107,,
321,3,BOEING BV-44,BOEING VERTOL BV-44,BV-44,,
322,3,BRANTLEY B-2,BRANTLEY B-2,BRNTLY 2,,
323,3,FAIRCHILD FH-1100,FAIRCHILD-HILLER FH-1100,FH-1100,,
325,3,AGUSTA A-119 KOALA,AGUSTA A-119 KOALA,A-119,,
330,3,BOELKOW BO-105C,BOELKOW BO-105C,BO-105C,,
339,6,AIRBUS A330-900,AIRBUS INDUSTRIE A330-900,A339,,
340,3,EUROCOPTER AS350 ,EUROCOMPTER AS350 B2 ASTAR,AS350 B2,,
343,6,AIRBUS A330-223/24,AIRBUS INDUSTRIE A330-223/234,A330,,
345,3,BELL 212 TWIN,BELL 212 TWIN TWO TWELVE,BELL 212,,
350,3,HUGHES 300,HUGHES 300,HUGHS300,,
355,3,HUGHES-500/530,HUGHES-500/530,HUGHS500,,
359,6,AIRBUS A350-900,AIRBUS INDUSTRIE A350-900,A350-9,,
360,3,ROBINSON R44,ROBINSON R44,R44,,
362,3,BHT 206 L3 ,BHT 206 LT LONG RANGER,BHT206L3,,
364,3,BHT 206 L4,BHT 206 L4 LONG RANGER,BHT206L4,,
366,3,BELL BHT 407,BELL BHT 407,BHT407,,
368,3,BELL BHT 412,BELL BHT 412,BHT412,,
370,3,EURO BO-105,AIR BUS EURO BO-105,BO105,,
380,3,SIKORSKY S-51,SIKORSKY S-51,S-51,,
381,3,SIKORSKY S-55,SIKORSKY S-55,S-55,,
385,3,SIKORSKY S-58A/B/C,SIKORSKY S-58A/B/C,S-58,,
386,3,SIKORSKY S-61N,SIKORSKY S-61N,S-61N,,
387,3,SIKORSKY S-61,SIKORSKY S-61,S-61,,
388,3,SIKORSKY S-61L,SIKORSKY S-61L,S-61L,,
389,3,SIKORSKY S-62/A,SIKORSKY S-62/A,S-62/A,,
390,3,SIKORSKY S-76,SIKORSKY S-76,S-76,,
393,3,AGUSTAWESTLAND 139,AGUSTAWESTLAND AW139,AW139,,
395,3,DHC-6-400 TWIN OTT,DHC-6-400 TWIN OTTER,DHC-6-40,,
396,3,WESTLAND SR-N5,WESTLAND SR-N5 (ACV),SR-N5,,
401,4,BEECH 1300,BEECH 1300,BE-1300,,
402,4,BEECH 18,BEECH MODEL 18 TURBO-PROP CONVERSIONS,BE-18,,
403,4,BEECH 99,BEECH 99 AIRLINER,BE-99,,
404,4,BEECH C99,BEECH C99,BE-C99,,
405,4,BEECH 1900 A/B/C/D,BEECH 1900 A/B/C/D,BE-1900,,
406,4,BEECH 200 KINGAIR,BEECH 200 SUPER KINGAIR,KINGAIR,,
407,4,BAE-748,BRITISH AEROSPACE (HAWKER-SIDDELEY) BAE-748,BAE-748,,
408,4,BAE-ATP,BRITISH AEROSPACE BAE-ATP,BAE-ATP,,
409,4,BEECH B-100,BEECHCRAFT KING AIR B100 ,BE-B100,,
410,4,ROCKWELL 680-W/690,ROCKWELL TURBO-COMMANDER 680-W/690,TCOMMNDR,,
411,4,BEECHCRAFT 65-A90,BEECH KING AIR 65-A90 QUEEN AIR,BE-65,,
412,4,CASA 212,CASA/NURTANIO C212 AVIOCAR,C212,,
413,4,CASA 235,CASA 235,C 235,,
415,4,CESSNA C208B,CESSNA C208B/GRAND CARAVAN,CE-208B,,
416,4,CESSNA 208,CESSNA 208 CARAVAN,CARAVAN,,
417,4,CESSNA 406,CESSNA 406 CARAVAN II,CARAVNII,,
418,4,CESSNA C-441,CESSNA C-441,CE-C441,,
420,4,CONVAIR CV-540,CONVAIR CV-540,CV-540,,
421,4,CESSNA SKYCOURIER ,CESSNA SKYCOURIER 408,CE-408,,
422,4,QUEST KODIAK 100,QUEST KODIAK 100,KODIAK ,,
425,4,PIAGGIO P180 AVANT,PIAGGIO P180 AVANTI,AVANTI,,
430,4,CONVAIR CV-580,CONVAIR CV-580,CV-580,,
431,4,SOCATA TBM850,SOCATA TBM850,TBM850,,
432,4,SAAB 2000,SAAB 2000,SA2000,,
433,4,SOCATA TBM-700,SOCATA TBM-700,TBM-700,,
434,4,KING AIR A100,RAYTHEON KING AIR A100,A100,,
435,4,CONVAIR CV-600,CONVAIR CV-600,CV-600,,
437,4,BEECH BARON B-58,RAYTHEON BEECHCRAFT BARON B-58,BARON,,
440,4,CONVAIR CV-640,CONVAIR CV-640,CV-640,,
441,4,ATR-42,AEROSPATIALE/AERITALIA ATR-42,ATR-42,,
442,4,ATR-72,AEROSPATIALE/AERITALIA ATR-72,ATR-72,,
443,4,AIR TRACTOR AT-802,AIR TRACTOR AT-802,AT-802,,
444,4,ANTONOV 24/26/32,ANTONOV 24/26/32,AN-24/6,,
445,4,CONVAIR CV-660,CONVAIR CV-660,CV-660,,
448,4,DORNIER 228,DORNIER 228,DO-228,,
449,4,DORNIER 328,DORNIER 328,DO-328,,
450,4,F-27,FOKKER FRIENDSHIP F-27/FAIRCHILD F-27/A/B/F/J,F-27,,
451,4,PIPISTREL VIRUS SW,PIPISTREL D O O VIRUS SW 121C,VIRUS,,
452,4,FOKKER 50,FOKKER 50,FOKKER50,,
454,4,FH-227,FAIRCHILD-HILLER FH-227,FH-227,,
455,4,FAIRCHILD METRO 23,FAIRCHILD METRO 23,METRO 23,,
456,4,SAAB-FAIRCHD 340/B,SAAB-FAIRCHILD 340/B,SF-340/B,,
457,4,BEECH KING AIR ,BEECH KING AIR C-90,KINGAIR,,
458,4,BEECH B-350,BEECHCRAFT SUPER KING AIR,BE-KING,,
459,4,SAAB-FRCHILD 340/A,SAAB-FAIRCHILD 340/A,SF-340/A,,
460,1,GRUMMAN G-21G,GRUMMAN G-21G (TURBO-GOOSE),GOOSE,,
461,4,EMB-120 BRASILIA,EMBRAER EMB-120 BRASILIA,EMB-120,,
462,4,SWEARINGEN MERLIN,SWEARINGEN METRO MERLIN,MERLIN,,
463,4,MITSUBISHI MU-2/B,MITSUBISHI MU-2/B,MU-2/B,,
464,4,EMBRAER BANDEIRNTE,EMBRAER EMB-110 BANDEIRANTE,EMB-110,,
465,4,NIHON YS-11,NIHON YS-11,YS-11,,
466,4,SWEARINGEN METRO 2,SWEARINGEN METRO II,METRO2,,
467,4,SWEARINGEN METRO 3,SWEARINGEN METRO III,METRO3,,
468,4,H-P JETSTREAM,HANDLEY PAGE JETSTREAM,JETSTRM,,
469,4,BAE JETSTREAM 31,BRITISH AEROSPACE JETSTREAM 31,JETSTM31,,
470,4,GULFSTREAM I,GULFSTREAM I,G-159,,
471,4,JETSTREAM 41,BRITISH AEROSPACE JETSTREAM 41,JETST41,,
473,4,GULFSTREAM I COMM,GULFSTREAM I-COMMANDER,G-159COM,,
474,4,HAWKER SIDELEY 748,HAWKER SIDDELEY 748,HAWKER S,,
475,4,NORD 262,NORD 262,N-262,,
476,4,PIPER PA-30/31T,PIPER PA-30/31T CHEYENNE II XL,PA-31T,,
477,4,MOHAWK 298,MOHAWK 298,MO-298,,
478,4,PIPER T-1040,PIPER T-1040,PA-T1040,,
479,4,PILATUS PC-12,PILATUS PC-12,PC-12,,
480,4,PILATUS PORTR PC6A,PILATUS TURBO PORTER PC-6A,PC-6A,,
481,4,PILATUS PORTR PC6B,PILATUS TURBO PORTER PC-6B,PC-6B,,
482,4,DHC8-Q400  DASH-8,DEHAVILLAND DHC8-400 DASH-8,DASH8-Q4,,
483,4,DHC8-100 DASH 8,DEHAVILLAND DHC8-100 DASH-8,DASH8-1,,
484,4,DHC8-300 DASH 8,DEHAVILLAND DHC8-300 DASH 8,DHC8-300,,
485,4,DEHAVILLAND DHC-6,DEHAVILLAND TWIN OTTER DHC-6,DHC-6,,
486,4,SHORT HARLAND SC-7,SHORTS HARLAND SC-7 SKYVAN,SKYVAN,,
487,4,SHORTS 330,SHORTS 330,SHORT330,,
488,4,CARSTEDT CJ-600A,CARSTEDT CJ-600A,CJ-600A,,
489,4,SHORTS 360,SHORTS 360,SHORT360,,
490,4,VOLPAR TURBO 18,VOLPAR TURBO 18,VOLPAR18,,
491,4,DEHAVILLAND DHC8-2,DEHAVILLAND DHC8-200Q DASH-8,DHC8-200,,
495,6,HAWKER 4000,HAWKER BEECHCRAFT HAWKER 4000,HAWK4000,,
507,5,ANTONOV 12,ANTONOV 12,AN-12,,
508,5,ANTONOV AN-22-F,ANTONOV AN-22 FREIGHTER,AN-22F,,
510,5,AW-650,AW-650,AW-650,,
515,6,CHALLENGER 350,BOMARDIER CHALLENGER 350,BD-350,,
520,5,CANADAIR CL-44D,CANADAIR CL-44D,CL-44D,,
530,6,BOMBARDIER CRJ550,BOMBARDIER CRJ550,CRJ550,,
541,5,ILYUSHIN 18,ILYUSHIN IL-18,IL-18,,
550,5,LOCKHEED L-188A/C,LOCKHEED L-188A/C ELECTRA,ELECTRA,,
552,5,LOCKHEED L-382B,LOCKHEED L-382B,L-382B,,
553,5,LOCKHEED L100-10,LOCKHEED L100-10 HERCULES,HERCULES,,
555,5,LOCKHEED L100-20,LOCKHEED L100-20 HERCULES,HERCULES,,
556,5,LOCKHEED L100-30,LOCKHEED L100-30/L-382E,HERCULES,,
560,5,SHORTS-BELFAST-SH5,SHORTS BELFAST FREIGHTER-SH5,SH5,,
570,5,DEHAVILLAND DASH-7,DEHAVILLAND DHC7 DASH-7,DASH-7,,
575,6,BOMBARDIER LEARJET,BOMBARDIER LEARJET 75,LEAR75,,
580,5,VV-700,VICKERS VISCOUNT 700/744/745/745D,VV-700,,
584,5,VV-800,VICKERS VISCOUNT V800/810/812,VV-800,,
601,6,FOKKER F28-1000,FOKKER F28-1000 FELLOWSHIP,F28-1000,,
602,6,F28-4000/6000,FOKKER F28-4000/6000 FELLOWSHIP,F28-4000,,
603,6,FOKKER 100,FOKKER 100,FOKKR100,,
604,6,FOKKER 70,FOKKER 70,FOKKER70,,
605,6,BAC-111-200,BRITISH AEROSPACE BAC-111-200,BAC-111,,
606,6,BEECHCRAFT PREMIER,RAYTHEON BEECHRAFT 390 PREMIER I,PREMIER ,,
607,6,ANTONOV AN-72/74,ANTONOV AN-72/74,AN-72/74,,
608,6,BOEING 717-200,BOEING 717-200,B717-2,,
609,6,CHALLENGER 300,BOMBARDIER BD-100-1A10 CHALLENGER 300,BD-300,,
610,6,BAC-111-400,BRITISH AEROSPACE BAC-111-400,BAC-111,,
611,6,AERO COMMNDER 1121,AERO COMMANDER 1121,COMMANDR,,
612,6,BOEING 737-700/LR,BOEING 737-700/700LR/MAX 7,B737-7,,
613,6,AEROSPATL CORVETTE,AEROSPATIALE CORVETTE,CORVETTE,,
614,6,BOEING 737-800,BOEING 737-800,B737-8,,
615,6,BOEING 737-5/600LR,BOEING 737-5/600LR,B737-5LR,,
616,6,BOEING 737-500,BOEING 737-500,B737-5,,
617,6,BOEING 737-400,BOEING 737-400,B737-4,,
618,6,BOEING 737-300LR,BOEING 737-300LR,B737-3LR,,
619,6,BOEING 737-300,BOEING 737-300,B737-3,,
620,6,BOEING 737-100/200,BOEING 737-100/200,B737-1/2,,
621,6,BOEING 737-200C,BOEING 737-200C,B737-2C,,
622,6,BOEING 757-200,BOEING 757-200,B757-2,,
623,6,BOEING 757-300,BOEING 757-300,B757-3,,
624,6,BOEING 767-400/ER,BOEING 767-400/ER,B767-4,,
625,6,BOEING 767-200/ER,BOEING 767-200/ER/EM,B767-2/R,,
626,6,BOEING 767-300/ER,BOEING 767-300/300ER,B767-3/R,,
627,6,BOEING 777-200,BOEING 777-200ER/200LR/233LR,B777-2,,
628,6,CANADAIR RJ-100/ER,CANADAIR RJ-100/RJ-100ER,RJ100/ER,,
629,6,RJ-200ER/RJ-440,CANADAIR RJ-200ER /RJ-440,CRJ-2/4,,
630,6,DOUGLAS DC-9-10,MCDONNELL DOUGLAS DC-9-10,DC-9-10,,
631,6,CANADAIR RJ-700,CANADAIR RJ-700,RJ-700,,
632,6,DORNIER 328 JET,DORNIER 328 JET,DO-328 J,,
633,6,BOEING 737-600,BOEING 737-600,B737-6,,
634,6,BOEING 737-900,BOEING 737-900,B737-9,,
635,6,DOUGLAS DC-9-15F,MCDONNELL DOUGLAS DC-9-15F,DC-9-15F,,
636,6,CESSNA CITATION ,CESSNA CITATION II/ BRAVO,CITATNII,,
637,6,BOEING 777-300/ER,BOEING 777-300/300ER/333ER,B777-3,,
638,6,CANADAIR CRJ 900,CANADAIR CRJ 900,CRJ-900,,
639,6,CITATIONJET/CJ,CESSNA CITATIONJET/CJ1/CJ2/CJ3,CITATNJ,,
640,6,DOUGLAS DC-9-30,MCDONNELL DOUGLAS DC-9-30,DC-9-30,,
641,6,GULFSTREAM G-IV,GULFSTREAM AEROSPACE G-III/G-IV  ,G-III/IV,,
642,6,BEECH HAWKER 400XP,RAYTHEON BEECHCRAFT HAWKER 400XP,HAWKER ,,
643,6,WESTWIND II,1124A WESTWIND II,WESTWIND,,
644,6,A-318,AIRBUS INDUSTRIE A-318,A318,,
645,6,DOUGLAS DC-9-40,MCDONNELL DOUGLAS DC-9-40,DC-9-40,,
646,6,CSSNA CITATIONIII,CESSNA CITATION X MODEL 650/550B/550XL,CITATNX,,
647,6,CSSNA CITATION X,CESSNA CITATION X MODEL CE750 X,CE-750X,,
648,6,GULFSTREAM G200,GULFSTREAM G200,G200,,
649,6,TUPOLEV TU-204,TUPOLEV TU-204-300,TU-204,,
650,6,DOUGLAS DC-9-50,MCDONNELL DOUGLAS DC-9-50,DC-9-50,,
651,6,GULFSTEAM G150,GULFSTREAM G150,G150,,
652,6,CANADAIR CL-600,CANADAIR CL-600 CHALLENGER,CL-600,,
653,6,CESSNA CE-680 ,CESSNA CE-680 CITATION SOVEREIGN,CE-680,,
654,6,MD-87,MCDONNELL DOUGLAS DC9 SUPER 87,MD-87,,
655,6,MD-80/1/2/3/8,MCDONNELL DOUGLAS DC9 SUPER 80/MD81/82/83/88,MD-80,,
656,6,MD-90,MCDONNELL DOUGLAS MD-90,MD-90,,
657,6,BOMBARDIER CRJ 705,BOMBARDIER CRJ 705,CRJ-705,,
658,6,BOMBARDIER BD-700,BOMBARDIER BD-700 GLOBAL EXPRESS,CRJ700,,
659,6,LEARJET 60,BOMBARDIER (GATES) LEARJET 60,LEAR-60,,
660,6,LEAR-23,GATES LEARJET LEAR-23,LEAR-23,,
661,6,LEAR-24,GATES LEARJET LEAR-24,LEAR-24,,
662,6,LEAR-25,GATES LEARJET LEAR-25,LEAR-25,,
663,6,LEAR-35,GATES LEARJET LEAR-31/35/36,LEAR-35,,
664,6,HFB-320 HANSA,HFB-320 HANSA,HFB-320,,
665,6,BAE HS-125,HAWKER SIDDELEY 125,HS-125,,
666,6,LEAR 55,LEAR 55,LEAR-55,,
667,6,GULFSTREAM V/ G-V ,GULFSTREAM III/V/ G-V EXEC/ G-5/550,G-V,,
668,6,CHALLENGER 601,CANADAIR (BOMBARDIER) CHALLLENGER 601,CL-601,,
669,6,CHALLENGER 604/605,BOMBARDIER CHALLENGER 604/605,CL-604/5,,
670,6,ROCKWELL SABRELINR,ROCKWELL SABRELINER,SABRELNR,,
671,6,GULFSTREAM G450,GULFSTREAM G450,G450,,
672,6,HAWKER 900XP,RAYTHEON BEECHCRAFT HAWKER 900XP,900XP,,
673,6,EMBRAER-175,EMBRAER ERJ-175,ERJ-175,,
674,6,EMBRAER-135,EMBRAER-135,EMB-135,,
675,6,EMBRAER-145,EMBRAER-145,EMB-145,,
676,6,EMBRAER-140,EMBRAER-140,EMB-140,,
677,6,EMBRAER-EMB-170,EMBRAER-EMB-170,EMB-170,,
678,6,EMBRAER 190,EMBRAER 190,EMB-190,,
679,6,GRUMMAN G-1159,GRUMMAN G-1159 GULFSTREAM II/III,G-III,,
680,6,CARAVELLE SE-210,AEROSPATIALE CARAVELLE SE-210,CARAVLLE,,
681,6,DASSAULT FALCON,DASSAULT-BREGUET MYSTERE-FALCON,FALCON,,
682,6,DASSAULT 2000,DASSAULT FALCON 2000EX/2000LXS,DA-2000,,
683,6,BOEING B777-F,BOEING B777-F,B777-F,,
684,6,BEECH HAWKER 800XP,RAYTHEON BEECHCRAFT HAWKER 800XP,800XP,,
685,6,CESSNA 510/560XL ,CESSNA 510 MUSTANG/560XL CITATION EXCEL,CE-560XL,,
686,6,BOMBARDIER LJET45,LEARJET45,LEAR-45,,
687,6,AIRBUS A330-300/33,AIRBUS INDUSTRIE A330-300/333,A330-3,,
688,6,GLOBAL 5000,BOMBARDIER GLOBAL 5000,GL5000,,
689,6,A300-600ST(BELUGA),AIRBUS INDUSTRIE A330-600ST (BELUGA),BELUGA,,
690,6,A300B/C/F-100/200,AIRBUS INDUSTRIE A300B/C/F-100/200,A300-1/2,,
691,6,A300-600/R/CF/RCF,AIRBUS INDUSTRIE A300-600/R/CF/RCF,A300-6,,
692,6,A310-200C/F,AIRBUS INDUSTRIE A310-200C/F,A310-2CF,,
693,6,A310-300,AIRBUS INDUSTRIE A310-300,A310-3,,
694,6,A320-100/200,AIRBUS INDUSTRIE A320-100/200,A320-1/2,,
695,6,A300-B2,AIRBUS INDUSTRIE A300-B2,A300-B2,,
696,6,A330-200/220F,AIRBUS INDUSTRIE A330-200,A330-2,,
697,8,A340,AIRBUS INDUSTRIE A340,A340,,
698,6,A319,AIRBUS INDUSTRIE A319,A319,,
699,6,A321/LR,AIRBUS INDUSTRIE A321/LR,A321/LR,,
710,7,BOEING 727-100,BOEING 727-100,B727-100,,
711,7,BOEING 727-100C/QC,BOEING 727-100C/QC,B727-1C,,
714,6,SUKHOI SUPERJ 100,SUKHOI SUPERJET 100,SSJ-100,,
715,7,BOEING 727-200,BOEING 727-200/231A,B727-2,,
717,6,MRJ-70/STD/ER/LR,MRJ-70/STD/ER/LR,MRJ-70,,
718,6,MRJ-90/STD/SR/LR,MRJ-90/STD/SR/LR,MRJ-90,,
719,6,A319-200N,AIRBUS INDUSTRIE A319-200N,A319NEO,,
720,6,BOMBARDIER CS100,BOMBARDIER C SERIES CS100,CS100,,
721,6,A321-200N,AIRBUS INDUSTRIE A321-200N,A321NEO,,
722,6,A320-200N,AIRBUS INDUSTRIE A320-200N,A320NEO,,
723,6,A220-100 BD-500-1A,A200-100 BD-500-1A10,A220-1,,
724,6,A220-300 BD-500-1A,A220-300 BD-500-1A11,A220-3,,
725,7,DASSAULT FALCON 8X,DASSAULT FALCON 8X,FALCON8X,,
730,7,DOUGLAS DC-10-10,MCDONNELL DOUGLAS DC-10-10,DC-10-10,,
731,7,DOUGLAS DC-10-20,MCDONNELL DOUGLAS DC-10-20,DC-10-20,,
732,7,DOUGLAS DC-10-30,MCDONNELL DOUGLAS DC-10-30,DC-10-30,,
733,7,DOUGLAS DC-10-40,MCDONNELL DOUGLAS DC-10-40,DC-10-40,,
735,7,DOUGLAS DC-10-30CF,MCDONNELL DOUGLAS DC-10-30CF,DC10-30F,,
737,6,BOEING 737 MAX 7,BOEING 737 MAX 7,MAX 7,,
740,7,MD-11,MCDONNELL DOUGLAS MD-11,MD-11,,
745,6,EMBRAER-550,EMBRAER LEGACY 500,EMB-550,,
746,6,EMBRAER EMB500 PHE,EMB500 PHENOM 100/300,EMB500,,
748,6,EMBRAER EMB195,EMBRAER EMB195,EMB-195,,
749,6,GULFSTREAM AEROSPA,GULFSTREAM AEROSPACE G500,G500,,
750,6,GULFSTREAM G650,GULFSTREAM G650,G650,,
751,6,BOMBARDIER GLOBAL ,BOMBARDIER GLOBAL 7500 BD-7500,BD-7500,,
754,6,EMBRAER PRAETOR 60,EMBRAER PRAETOR 600,E600,,
755,6,EMBRAER LEGACY 600,EMBRAER LEGACY 600,LEG-600,,
760,7,L-1011-1/100/200,LOCKHEED L-1011-1/100/200,L-1011,,
765,7,L-1011-500 TRISTAR,LOCKHEED L-1011-500 TRISTAR,L-1011,,
770,7,FALCON 900,DASSAULT FALCON 900/900EX,FA-900,,
771,7,FALCON 50,DASSAULT FALCON 50,FA-50,,
774,6,DASSAULT FALCON ,DASSAULT FALCON 2000,DA 2000,,
775,7,DASSAULT FALCON 7X,DASSAULT FALCON 7X,FALCON7X,,
776,6,DASSAULT FALCON 6X,DASSAULT FALCON AVIATION 6X,FALCON6X,,
780,7,TUPOLEV 154,TUPOLEV TU-154,TU-154,,
788,6,GLOBAL 6000,BOMBARDIER GLOBAL 6000/GLOBAL XRS,GL6000,,
792,7,YAKOLEV 42,YAKOLEV YAK-42,YAK-42,,
800,8,BOEING 707-100,BOEING 707-100,B707-100,,
802,8,BOEING 707-100B,BOEING 707-100B,B707-1B,,
804,8,BOEING 707-200,BOEING 707-200,B707-2,,
806,8,BOEING 707-300,BOEING 707-300,B707-3,,
808,8,BOEING 707-300B,BOEING 707-300B,B707-3B,,
809,8,BOEING 707-300C,BOEING 707-300C,B707-3C,,
810,8,BOEING 707-400,BOEING 707-400,B707-4,,
812,8,BOEING 720,BOEING 720-000,B720-0,,
814,8,BOEING 720-B,BOEING 720-000B,B720-B,,
816,8,BOEING 747-100,BOEING 747-100,B747-100,,
817,8,BOEING 747-200/300,BOEING 747-200/300,B747-2/3,,
818,8,BOEING 747C,BOEING 747C,B747C,,
819,8,BOEING 747-400,BOEING 747-400,B747-4,,
820,8,BOEING 747-4F,BOEING 747-400F,B747-4F,,
821,8,BOEING B747-8,BOEING B747-8,B747-8,,
822,8,BOEING 747SP,BOEING 747SP,B747SP,,
823,8,BOEING 747-200F,BOEING 747-200F,B747-2F,,
824,6,AIRBUS A330-900neo,AIRBUS A330-900neo,330-9neo,,
825,8,CONVAIR 880,CONVAIR 880 (CV-22/22M),CV-880,,
830,8,CONVAIR 990,CONVAIR 990 CORONADO (CV-30),CORONADO,,
833,6,EMB LEGACY 650,EMBRAER LEGACY 650,LEG-650,Code,Description
835,8,AVROLINER RJ85,AVROLINER RJ85,AV RJ85,0,"Piston, 1-Engine/Combined Single Engine (Piston/Turbine)"
836,6,A350-1000,AIRBUS 350-1000,A35K,1,"Piston, 2-Engine"
837,6,B787-10 DREAMLINER,BOEING 787-10 DREAMLINER,B787-10,2,"Piston, 3-Engine/4-Engine"
838,6,B737 MAX 800,BOEING B737 MAX 800,MAX 8,3,Helicopter/Stol
839,6,B737 MAX 900,BOEING B737 MAX 900,MAX 9,4,"Turbo-Prop, 1-Engine/2-Engine"
840,8,DOUGLAS DC-8-10,MCDONNELL DOUGLAS DC-8-10,DC-8-10,5,"Turbo-Prop, 4-Engine"
842,8,DOUGLAS DC-8-20,MCDONNELL DOUGLAS DC-8-20,DC-8-20,6,"Jet, 2-Engine"
844,8,DOUGLAS DC-8-30,MCDONNELL DOUGLAS DC-8-30,DC-8-30,7,"Jet, 3-Engine"
846,8,DOUGLAS DC-8-40,MCDONNELL DOUGLAS DC-8-40,DC-8-40,8,"Jet, 4-Engine/6-Engine"
848,8,DOUGLAS DC-8-50,MCDONNELL DOUGLAS DC-8-50,DC-8-50,9,Used for capturing expenses not attributed to specific aircraft types
850,8,DOUGLAS DC-8-50F,MCDONNELL DOUGLAS DC-8-50F,DC-8-50F,,
851,8,DOUGLAS DC-8-61,MCDONNELL DOUGLAS DC-8-61,DC-8-61,,
852,8,DOUGLAS DC-8-63F,MCDONNELL DOUGLAS DC-8-63F,DC-8-63F,,
854,8,DOUGLAS DC-8-62,MCDONNELL DOUGLAS DC-8-62,DC-8-62,,
856,8,DOUGLAS DC-8-63,MCDONNELL DOUGLAS DC-8-63,DC-8-63,,
860,8,DOUGLAS DC-8-71,MCDONNELL DOUGLAS DC-8-71,DC-8-71,,
862,8,DOUGLAS DC-8-72,MCDONNELL DOUGLAS DC-8-72,DC-8-72,,
864,8,DOUGLAS DC-8-73,MCDONNELL DOUGLAS DC-8-73,DC-8-73,,
865,8,DOUGLAS DC-8-73F,MCDONNELL DOUGLAS DC-8-73F,DC-8-73F,,
866,8,BAE-146-100/RJ70,BRITISH AEROSPACE BAE-146-100/RJ70,BAE146-1,,
867,8,BAE-146-200,BRITISH AEROSPACE BAE-146-200,BAE146-2,,
868,8,BAE-146-300,BRITISH AEROSPACE BAE-146-300,BAE146-3,,
870,8,LOCKHEED JETSTAR,LOCKHEED JETSTAR,JETSTAR,,
871,8,A340-300,AIRBUS INDUSTRIE A340-300,A340-3,,
872,8,A340-500,AIRBUS INDUSTRIE A340-500,A340-5,,
873,8,A340-200,AIRBUS INDUSTRIE A340-200,A340-2,,
874,8,A340-600,AIRBUS INDUSTRIE A340-600,A340-6,,
875,8,CONCORDE,AEROSPATIALE/BRITISH AEROSPACE CONCORDE,CONCORDE,,
876,8,ILYUSHIN 62,ILYUSHIN 62,IL-62,,
877,8,ILYUSHIN 76/TD,ILYUSHIN 76/TD,IL-76/TD,,
878,8,ILYUSHIN 86,ILYUSHIN 86,IL-86,,
879,8,ILYUSHIN 96,ILYUSHIN 96,IL-96,,
880,8,ANTONOV 124,ANTONOV 124,AN-124,,
881,8,IL-96-40T,ILYUSHIIN IL-96-400T,IL-96-4T,,
882,8,A380-800,AIRBUS INDUSTRAI A380-800,A380-8,,
885,6,BOEING B737-MAX10,BOEING B737-MAX10,MAX10,,
887,6,B787-8 DREAMLINER,B787-800 DREAMLINER,B787-8,,
888,6,B737-900ER,BOEING 737-900ER,B737-9ER,,
889,6,B787-9 DREAMLINER,B787-900 DREAMLINER,B787-9,,
890,8,ANTONOV 225,ANTONOV 225 (6 ENGINE),AN-225,,
